                  epoch,         train/box_loss,         train/cls_loss,         train/dfl_loss,   metrics/precision(B),      metrics/recall(B),       metrics/mAP50(B),    metrics/mAP50-95(B),           val/box_loss,           val/cls_loss,           val/dfl_loss,                 lr/pg0,                 lr/pg1,                 lr/pg2
                      1,                 0.5058,                0.88774,                0.94869,                0.90842,                0.86317,                0.93623,                0.80461,                0.47322,                0.57844,                0.90487,             0.00047503,             0.00047503,             0.00047503
                      2,                0.38593,                0.45914,                0.88765,                0.94762,                0.94162,                0.97834,                 0.8876,                0.36591,                0.39021,                0.84562,              0.0007159,              0.0007159,              0.0007159
                      3,                0.34074,                0.38084,                0.87061,                0.97352,                 0.9665,                0.98722,                0.92313,                0.30016,                0.29319,                 0.8076,             0.00072099,             0.00072099,             0.00072099
                      4,                0.28828,                0.30748,                 0.8554,                0.97586,                0.96862,                0.98677,                0.93808,                0.25184,                0.24398,                0.79672,             0.00036797,             0.00036797,             0.00036797
